Id,v2a1,hacdor,rooms,hacapo,v14a,refrig,v18q,v18q1,r4h1,r4h2,r4h3,r4m1,r4m2,r4m3,r4t1,r4t2,r4t3,tamhog,tamviv,escolari,rez_esc,hhsize,paredblolad,paredzocalo,paredpreb,pareddes,paredmad,paredzinc,paredfibras,paredother,pisomoscer,pisocemento,pisoother,pisonatur,pisonotiene,pisomadera,techozinc,techoentrepiso,techocane,techootro,cielorazo,abastaguadentro,abastaguafuera,abastaguano,public,planpri,noelec,coopele,sanitario1,sanitario2,sanitario3,sanitario5,sanitario6,energcocinar1,energcocinar2,energcocinar3,energcocinar4,elimbasu1,elimbasu2,elimbasu3,elimbasu4,elimbasu5,elimbasu6,epared1,epared2,epared3,etecho1,etecho2,etecho3,eviv1,eviv2,eviv3,dis,male,female,estadocivil1,estadocivil2,estadocivil3,estadocivil4,estadocivil5,estadocivil6,estadocivil7,parentesco1,parentesco2,parentesco3,parentesco4,parentesco5,parentesco6,parentesco7,parentesco8,parentesco9,parentesco10,parentesco11,parentesco12,idhogar,hogar_nin,hogar_adul,hogar_mayor,hogar_total,dependency,edjefe,edjefa,meaneduc,instlevel1,instlevel2,instlevel3,instlevel4,instlevel5,instlevel6,instlevel7,instlevel8,instlevel9,bedrooms,overcrowding,tipovivi1,tipovivi2,tipovivi3,tipovivi4,tipovivi5,computer,television,mobilephone,qmobilephone,lugar1,lugar2,lugar3,lugar4,lugar5,lugar6,area1,area2,age,SQBescolari,SQBage,SQBhogar_total,SQBedjefe,SQBhogar_nin,SQBovercrowding,SQBdependency,SQBmeaned,agesq
ID_2f6873615,,0,5,0,1,1,0,,1,1,2,0,1,1,1,2,3,3,3,0,,3,1,0,0,0,0,0,0,0,1,0,0,0,0,0,1,0,0,0,1,1,0,0,1,0,0,0,0,1,0,0,0,0,0,1,0,1,0,0,0,0,0,0,0,1,0,0,1,0,0,1,0,1,0,1,0,0,0,0,0,0,0,0,1,0,0,0,0,0,0,0,0,0,72958b30c,1,2,0,3,0.5,no,17,16.5,1,0,0,0,0,0,0,0,0,2,1.5,1,0,0,0,0,1,0,1,2,1,0,0,0,0,0,1,0,4,0,16,9,0,1,2.25,0.25,272.25,16
ID_1c78846d2,,0,5,0,1,1,0,,1,1,2,0,1,1,1,2,3,3,3,16,,3,1,0,0,0,0,0,0,0,1,0,0,0,0,0,1,0,0,0,1,1,0,0,1,0,0,0,0,1,0,0,0,0,0,1,0,1,0,0,0,0,0,0,0,1,0,0,1,0,0,1,0,1,0,0,0,1,0,0,0,0,0,1,0,0,0,0,0,0,0,0,0,0,72958b30c,1,2,0,3,0.5,no,17,16.5,0,0,0,0,0,0,0,1,0,2,1.5,1,0,0,0,0,1,0,1,2,1,0,0,0,0,0,1,0,41,256,1681,9,0,1,2.25,0.25,272.25,1681
ID_e5442cf6a,,0,5,0,1,1,0,,1,1,2,0,1,1,1,2,3,3,3,17,,3,1,0,0,0,0,0,0,0,1,0,0,0,0,0,1,0,0,0,1,1,0,0,1,0,0,0,0,1,0,0,0,0,0,1,0,1,0,0,0,0,0,0,0,1,0,0,1,0,0,1,0,0,1,0,0,1,0,0,0,0,1,0,0,0,0,0,0,0,0,0,0,0,72958b30c,1,2,0,3,0.5,no,17,16.5,0,0,0,0,0,0,0,0,1,2,1.5,1,0,0,0,0,1,0,1,2,1,0,0,0,0,0,1,0,41,289,1681,9,0,1,2.25,0.25,272.25,1681
ID_a8db26a79,,0,14,0,1,1,1,1,0,1,1,0,0,0,0,1,1,1,1,16,,1,1,0,0,0,0,0,0,0,1,0,0,0,0,0,1,0,0,0,1,1,0,0,1,0,0,0,0,1,0,0,0,0,1,0,0,1,0,0,0,0,0,0,0,1,0,0,1,0,0,1,0,1,0,0,0,0,0,1,0,0,1,0,0,0,0,0,0,0,0,0,0,0,5b598fbc9,0,1,0,1,no,16,no,16,0,0,0,0,0,0,0,1,0,1,1,1,0,0,0,0,1,0,1,2,1,0,0,0,0,0,1,0,59,256,3481,1,256,0,1,0,256,3481
ID_a62966799,175000,0,4,0,1,1,1,1,0,0,0,0,1,1,0,1,1,1,1,11,,1,1,0,0,0,0,0,0,0,1,0,0,0,0,0,1,0,0,0,1,1,0,0,1,0,0,0,0,1,0,0,0,0,1,0,0,1,0,0,0,0,0,0,1,0,0,0,1,0,0,1,0,0,1,0,0,0,0,0,0,1,1,0,0,0,0,0,0,0,0,0,0,0,1e2fc704e,1,0,0,1,8,no,11,,0,0,0,0,1,0,0,0,0,2,0.5,0,0,1,0,0,0,0,1,1,1,0,0,0,0,0,1,0,18,121,324,1,0,1,0.25,64,,324
ID_e77d38d45,400000,0,3,0,1,1,1,1,0,0,0,0,2,2,0,2,2,2,2,16,,2,1,0,0,0,0,0,0,0,0,0,0,0,0,1,1,0,0,0,1,1,0,0,1,0,0,0,0,1,0,0,0,0,1,0,0,1,0,0,0,0,0,0,1,0,0,1,0,0,0,1,0,0,1,0,0,0,0,0,0,1,0,0,0,0,0,0,0,0,0,0,0,1,8ee7365a8,0,2,0,2,no,no,11,13.5,0,0,0,0,0,0,0,1,0,2,1,0,1,0,0,0,1,0,1,1,1,0,0,0,0,0,1,0,38,256,1444,4,0,0,1,0,182.25,1444
ID_3c5f4bd51,400000,0,3,0,1,1,1,1,0,0,0,0,2,2,0,2,2,2,2,11,,2,1,0,0,0,0,0,0,0,0,0,0,0,0,1,1,0,0,0,1,1,0,0,1,0,0,0,0,1,0,0,0,0,1,0,0,1,0,0,0,0,0,0,1,0,0,1,0,0,0,1,0,0,1,0,0,0,0,0,0,1,1,0,0,0,0,0,0,0,0,0,0,0,8ee7365a8,0,2,0,2,no,no,11,13.5,0,0,0,0,1,0,0,0,0,2,1,0,1,0,0,0,1,0,1,1,1,0,0,0,0,0,1,0,42,121,1764,4,0,0,1,0,182.25,1764
ID_a849c29bd,300000,0,6,0,1,1,1,1,0,0,0,0,2,2,0,2,2,2,2,14,,2,1,0,0,0,0,0,0,0,1,0,0,0,0,0,0,1,0,0,1,1,0,0,1,0,0,0,0,0,1,0,0,0,0,1,0,1,0,0,0,0,0,0,0,1,0,0,1,0,0,1,0,0,1,0,0,0,0,0,0,1,0,0,0,0,0,0,0,0,0,0,1,0,ff69a6fc8,0,2,0,2,no,no,14,14,0,0,0,0,0,0,0,1,0,4,0.5,0,0,1,0,0,0,0,1,2,1,0,0,0,0,0,1,0,21,196,441,4,0,0,0.25,0,196,441
ID_472fa82da,300000,0,6,0,1,1,1,1,0,0,0,0,2,2,0,2,2,2,2,14,,2,1,0,0,0,0,0,0,0,1,0,0,0,0,0,0,1,0,0,1,1,0,0,1,0,0,0,0,0,1,0,0,0,0,1,0,1,0,0,0,0,0,0,0,1,0,0,1,0,0,1,0,0,1,0,0,0,0,0,0,1,1,0,0,0,0,0,0,0,0,0,0,0,ff69a6fc8,0,2,0,2,no,no,14,14,0,0,0,0,0,0,0,1,0,4,0.5,0,0,1,0,0,0,0,1,2,1,0,0,0,0,0,1,0,22,196,484,4,0,0,0.25,0,196,484
ID_24864adcc,,0,6,0,1,1,0,,0,0,0,0,1,1,0,1,1,1,1,10,,1,1,0,0,0,0,0,0,0,1,0,0,0,0,0,1,0,0,0,1,1,0,0,1,0,0,0,0,1,0,0,0,0,1,0,0,1,0,0,0,0,0,0,0,1,0,0,1,0,0,1,0,0,1,0,0,0,0,0,1,0,1,0,0,0,0,0,0,0,0,0,0,0,b61e2bb92,0,1,1,1,8,no,10,10,0,0,0,1,0,0,0,0,0,3,0.33333334,1,0,0,0,0,0,1,1,1,1,0,0,0,0,0,1,0,70,100,4900,1,0,0,0.11111112,64,100,4900
ID_247909995,90000,0,5,0,1,1,0,,0,1,1,0,2,2,0,3,3,3,3,10,,3,1,0,0,0,0,0,0,0,1,0,0,0,0,0,1,0,0,0,0,1,0,0,1,0,0,0,0,1,0,0,0,0,0,1,0,1,0,0,0,0,0,0,1,0,0,1,0,0,0,1,0,0,1,0,0,0,0,0,0,1,0,0,1,0,0,0,0,0,0,0,0,0,a499b6c30,1,2,0,3,0.5,no,15,17,0,0,0,1,0,0,0,0,0,3,1,0,0,1,0,0,1,1,1,3,1,0,0,0,0,0,1,0,18,100,324,9,0,1,1,0.25,289,324
ID_fbe8d0909,90000,0,5,0,1,1,0,,0,1,1,0,2,2,0,3,3,3,3,9,,3,1,0,0,0,0,0,0,0,1,0,0,0,0,0,1,0,0,0,0,1,0,0,1,0,0,0,0,1,0,0,0,0,0,1,0,1,0,0,0,0,0,0,1,0,0,1,0,0,0,1,0,1,0,0,0,1,0,0,0,0,0,1,0,0,0,0,0,0,0,0,0,0,a499b6c30,1,2,0,3,0.5,no,15,17,0,0,0,1,0,0,0,0,0,3,1,0,0,1,0,0,1,1,1,3,1,0,0,0,0,0,1,0,55,81,3025,9,0,1,1,0.25,289,3025
ID_8ed30c46a,90000,0,5,0,1,1,0,,0,1,1,0,2,2,0,3,3,3,3,15,,3,1,0,0,0,0,0,0,0,1,0,0,0,0,0,1,0,0,0,0,1,0,0,1,0,0,0,0,1,0,0,0,0,0,1,0,1,0,0,0,0,0,0,1,0,0,1,0,0,0,1,0,0,1,0,0,1,0,0,0,0,1,0,0,0,0,0,0,0,0,0,0,0,a499b6c30,1,2,0,3,0.5,no,15,17,0,0,0,0,0,0,0,1,0,3,1,0,0,1,0,0,1,1,1,3,1,0,0,0,0,0,1,0,53,225,2809,9,0,1,1,0.25,289,2809
ID_c8809fe15,200000,0,5,0,1,1,0,,0,2,2,0,4,4,0,6,6,6,6,10,,6,1,0,0,0,0,0,0,0,1,0,0,0,0,0,1,0,0,0,1,1,0,0,1,0,0,0,0,1,0,0,0,0,0,1,0,1,0,0,0,0,0,0,0,1,0,0,1,0,0,1,0,1,0,0,0,1,0,0,0,0,1,0,0,0,0,0,0,0,0,0,0,0,f751b9e44,2,4,0,6,0.5,10,no,10.5,0,0,0,1,0,0,0,0,0,3,2,0,0,1,0,0,0,0,1,6,1,0,0,0,0,0,1,0,51,100,2601,36,100,4,4,0.25,110.25,2601
ID_b726eb052,200000,0,5,0,1,1,0,,0,2,2,0,4,4,0,6,6,6,6,11,,6,1,0,0,0,0,0,0,0,1,0,0,0,0,0,1,0,0,0,1,1,0,0,1,0,0,0,0,1,0,0,0,0,0,1,0,1,0,0,0,0,0,0,0,1,0,0,1,0,0,1,0,0,1,0,0,1,0,0,0,0,0,1,0,0,0,0,0,0,0,0,0,0,f751b9e44,2,4,0,6,0.5,10,no,10.5,0,0,0,0,1,0,0,0,0,3,2,0,0,1,0,0,0,0,1,6,1,0,0,0,0,0,1,0,52,121,2704,36,100,4,4,0.25,110.25,2704
ID_3533dffe1,200000,0,5,0,1,1,0,,0,2,2,0,4,4,0,6,6,6,6,9,0,6,1,0,0,0,0,0,0,0,1,0,0,0,0,0,1,0,0,0,1,1,0,0,1,0,0,0,0,1,0,0,0,0,0,1,0,1,0,0,0,0,0,0,0,1,0,0,1,0,0,1,0,0,1,0,0,0,0,0,0,1,0,0,1,0,0,0,0,0,0,0,0,0,f751b9e44,2,4,0,6,0.5,10,no,10.5,0,0,0,1,0,0,0,0,0,3,2,0,0,1,0,0,0,0,1,6,1,0,0,0,0,0,1,0,15,81,225,36,100,4,4,0.25,110.25,225
ID_67a331b9f,200000,0,5,0,1,1,0,,0,2,2,0,4,4,0,6,6,6,6,9,,6,1,0,0,0,0,0,0,0,1,0,0,0,0,0,1,0,0,0,1,1,0,0,1,0,0,0,0,1,0,0,0,0,0,1,0,1,0,0,0,0,0,0,0,1,0,0,1,0,0,1,0,1,0,0,0,0,0,0,0,1,0,0,1,0,0,0,0,0,0,0,0,0,f751b9e44,2,4,0,6,0.5,10,no,10.5,0,0,0,1,0,0,0,0,0,3,2,0,0,1,0,0,0,0,1,6,1,0,0,0,0,0,1,0,22,81,484,36,100,4,4,0.25,110.25,484
ID_67c4a6bb6,200000,0,5,0,1,1,0,,0,2,2,0,4,4,0,6,6,6,6,12,,6,1,0,0,0,0,0,0,0,1,0,0,0,0,0,1,0,0,0,1,1,0,0,1,0,0,0,0,1,0,0,0,0,0,1,0,1,0,0,0,0,0,0,0,1,0,0,1,0,0,1,0,0,1,0,0,0,0,0,0,1,0,0,1,0,0,0,0,0,0,0,0,0,f751b9e44,2,4,0,6,0.5,10,no,10.5,0,0,0,0,0,0,0,1,0,3,2,0,0,1,0,0,0,0,1,6,1,0,0,0,0,0,1,0,21,144,441,36,100,4,4,0.25,110.25,441
ID_8228c6a2e,200000,0,5,0,1,1,0,,0,2,2,0,4,4,0,6,6,6,6,10,0,6,1,0,0,0,0,0,0,0,1,0,0,0,0,0,1,0,0,0,1,1,0,0,1,0,0,0,0,1,0,0,0,0,0,1,0,1,0,0,0,0,0,0,0,1,0,0,1,0,0,1,0,0,1,0,0,0,0,0,0,1,0,0,1,0,0,0,0,0,0,0,0,0,f751b9e44,2,4,0,6,0.5,10,no,10.5,0,0,0,1,0,0,0,0,0,3,2,0,0,1,0,0,0,0,1,6,1,0,0,0,0,0,1,0,17,100,289,36,100,4,4,0.25,110.25,289
ID_d54f1a82e,240000,0,6,0,1,1,0,,0,3,3,0,0,0,0,3,3,3,3,9,,3,0,0,0,0,1,0,0,0,0,0,0,0,0,1,1,0,0,0,1,1,0,0,1,0,0,0,0,0,1,0,0,0,0,1,0,1,0,0,0,0,0,0,1,0,0,1,0,0,1,0,0,1,0,0,0,0,0,0,0,1,0,0,0,0,0,0,0,0,0,0,0,1,ba1262b51,0,3,0,3,no,6,no,8,0,0,0,1,0,0,0,0,0,4,0.75,0,0,1,0,0,0,1,1,3,1,0,0,0,0,0,1,0,27,81,729,9,36,0,0.5625,0,64,729
ID_a39d40b54,240000,0,6,0,1,1,0,,0,3,3,0,0,0,0,3,3,3,3,9,,3,0,0,0,0,1,0,0,0,0,0,0,0,0,1,1,0,0,0,1,1,0,0,1,0,0,0,0,0,1,0,0,0,0,1,0,1,0,0,0,0,0,0,1,0,0,1,0,0,1,0,0,1,0,0,0,0,0,0,0,1,0,0,0,0,0,0,0,0,0,0,0,1,ba1262b51,0,3,0,3,no,6,no,8,0,0,0,1,0,0,0,0,0,4,0.75,0,0,1,0,0,0,1,1,3,1,0,0,0,0,0,1,0,45,81,2025,9,36,0,0.5625,0,64,2025
ID_748724edb,240000,0,6,0,1,1,0,,0,3,3,0,0,0,0,3,3,3,3,6,,3,0,0,0,0,1,0,0,0,0,0,0,0,0,1,1,0,0,0,1,1,0,0,1,0,0,0,0,0,1,0,0,0,0,1,0,1,0,0,0,0,0,0,1,0,0,1,0,0,1,0,0,1,0,0,0,0,0,0,0,1,1,0,0,0,0,0,0,0,0,0,0,0,ba1262b51,0,3,0,3,no,6,no,8,0,0,1,0,0,0,0,0,0,4,0.75,0,0,1,0,0,0,1,1,3,1,0,0,0,0,0,1,0,32,36,1024,9,36,0,0.5625,0,64,1024
ID_8be4c9bbf,,0,5,0,1,1,0,,0,0,0,0,2,2,0,2,2,2,2,13,,2,0,0,0,0,1,0,0,0,0,0,0,0,0,1,1,0,0,0,1,1,0,0,1,0,0,0,0,1,0,0,0,0,1,0,0,1,0,0,0,0,0,1,0,0,1,0,0,1,0,0,0,0,1,0,0,0,0,0,0,1,0,0,1,0,0,0,0,0,0,0,0,0,d5a0a19d8,0,2,1,2,yes,no,9,11,0,0,0,0,0,0,0,1,0,2,1,0,0,0,0,1,0,0,1,2,1,0,0,0,0,0,1,0,25,169,625,4,0,0,1,1,121,625
ID_7bade887b,,0,5,0,1,1,0,,0,0,0,0,2,2,0,2,2,2,2,9,,2,0,0,0,0,1,0,0,0,0,0,0,0,0,1,1,0,0,0,1,1,0,0,1,0,0,0,0,1,0,0,0,0,1,0,0,1,0,0,0,0,0,1,0,0,1,0,0,1,0,0,0,0,1,0,0,0,0,0,1,0,1,0,0,0,0,0,0,0,0,0,0,0,d5a0a19d8,0,2,1,2,yes,no,9,11,0,0,0,1,0,0,0,0,0,2,1,0,0,0,0,1,0,0,1,2,1,0,0,0,0,0,1,0,66,81,4356,4,0,0,1,1,121,4356
ID_13f752d2b,210000,0,5,0,1,1,1,2,0,1,1,2,1,3,2,2,4,4,4,0,,4,1,0,0,0,0,0,0,0,1,0,0,0,0,0,1,0,0,0,1,1,0,0,1,0,0,0,0,1,0,0,0,0,0,1,0,1,0,0,0,0,0,0,1,0,0,0,1,0,0,1,0,0,1,1,0,0,0,0,0,0,0,0,1,0,0,0,0,0,0,0,0,0,23eb5e435,2,2,0,4,yes,11,no,11,1,0,0,0,0,0,0,0,0,2,2,0,0,1,0,0,0,0,1,3,1,0,0,0,0,0,1,0,3,0,9,16,121,4,4,1,121,9
ID_a9bff86ae,210000,0,5,0,1,1,1,2,0,1,1,2,1,3,2,2,4,4,4,11,,4,1,0,0,0,0,0,0,0,1,0,0,0,0,0,1,0,0,0,1,1,0,0,1,0,0,0,0,1,0,0,0,0,0,1,0,1,0,0,0,0,0,0,1,0,0,0,1,0,0,1,0,1,0,0,1,0,0,0,0,0,1,0,0,0,0,0,0,0,0,0,0,0,23eb5e435,2,2,0,4,yes,11,no,11,0,0,0,0,1,0,0,0,0,2,2,0,0,1,0,0,0,0,1,3,1,0,0,0,0,0,1,0,33,121,1089,16,121,4,4,1,121,1089
ID_04d3ee180,210000,0,5,0,1,1,1,2,0,1,1,2,1,3,2,2,4,4,4,11,,4,1,0,0,0,0,0,0,0,1,0,0,0,0,0,1,0,0,0,1,1,0,0,1,0,0,0,0,1,0,0,0,0,0,1,0,1,0,0,0,0,0,0,1,0,0,0,1,0,0,1,0,0,1,0,1,0,0,0,0,0,0,1,0,0,0,0,0,0,0,0,0,0,23eb5e435,2,2,0,4,yes,11,no,11,0,0,0,0,1,0,0,0,0,2,2,0,0,1,0,0,0,0,1,3,1,0,0,0,0,0,1,0,30,121,900,16,121,4,4,1,121,900
ID_47e48cb8f,210000,0,5,0,1,1,1,2,0,1,1,2,1,3,2,2,4,4,4,0,,4,1,0,0,0,0,0,0,0,1,0,0,0,0,0,1,0,0,0,1,1,0,0,1,0,0,0,0,1,0,0,0,0,0,1,0,1,0,0,0,0,0,0,1,0,0,0,1,0,0,1,0,0,1,1,0,0,0,0,0,0,0,0,1,0,0,0,0,0,0,0,0,0,23eb5e435,2,2,0,4,yes,11,no,11,1,0,0,0,0,0,0,0,0,2,2,0,0,1,0,0,0,0,1,3,1,0,0,0,0,0,1,0,6,0,36,16,121,4,4,1,121,36
ID_1615bc9ef,,0,8,0,1,1,1,1,0,2,2,0,1,1,0,3,3,3,6,7,,3,0,0,0,0,1,0,0,0,1,0,0,0,0,0,1,0,0,0,1,1,0,0,1,0,0,0,0,1,0,0,0,0,0,1,0,1,0,0,0,0,0,0,1,0,0,1,0,0,1,0,0,1,0,0,0,0,0,1,0,0,0,0,1,0,0,0,0,0,0,0,0,0,8f4413ade,0,3,1,3,0.5,8,no,8.666667,0,0,0,1,0,0,0,0,0,5,1.2,0,0,0,0,1,0,0,1,6,1,0,0,0,0,0,1,0,27,49,729,9,64,0,1.4400001,0.25,75.111115,729
ID_3bb0b62f1,,0,8,0,1,1,1,1,0,2,2,0,1,1,0,3,3,3,6,8,,3,0,0,0,0,1,0,0,0,1,0,0,0,0,0,1,0,0,0,1,1,0,0,1,0,0,0,0,1,0,0,0,0,0,1,0,1,0,0,0,0,0,0,1,0,0,1,0,0,1,0,0,1,0,0,0,1,0,0,0,0,1,0,0,0,0,0,0,0,0,0,0,0,8f4413ade,0,3,1,3,0.5,8,no,8.666667,0,0,0,1,0,0,0,0,0,5,1.2,0,0,0,0,1,0,0,1,6,1,0,0,0,0,0,1,0,78,64,6084,9,64,0,1.4400001,0.25,75.111115,6084
ID_033b1af6b,,0,8,0,1,1,1,1,0,2,2,0,1,1,0,3,3,3,6,11,,3,0,0,0,0,1,0,0,0,1,0,0,0,0,0,1,0,0,0,1,1,0,0,1,0,0,0,0,1,0,0,0,0,0,1,0,1,0,0,0,0,0,0,1,0,0,1,0,0,1,0,0,0,1,0,0,1,0,0,0,0,0,1,0,0,0,0,0,0,0,0,0,0,8f4413ade,0,3,1,3,0.5,8,no,8.666667,0,0,0,0,1,0,0,0,0,5,1.2,0,0,0,0,1,0,0,1,6,1,0,0,0,0,0,1,0,62,121,3844,9,64,0,1.4400001,0.25,75.111115,3844
ID_454a8860e,,0,8,0,1,1,1,1,0,1,1,0,2,2,0,3,3,3,6,11,,3,0,0,0,0,1,0,0,0,1,0,0,0,0,0,1,0,0,0,1,1,0,0,1,0,0,0,0,1,0,0,0,0,0,1,0,1,0,0,0,0,0,0,1,0,0,1,0,0,1,0,0,0,1,0,0,0,0,0,0,1,0,0,1,0,0,0,0,0,0,0,0,0,304cd179b,0,3,0,3,no,13,no,11.333333,0,0,0,0,1,0,0,0,0,5,1.2,0,0,0,0,1,0,0,1,6,1,0,0,0,0,0,1,0,20,121,400,9,169,0,1.4400001,0,128.44444,400
ID_d83fd7394,,0,8,0,1,1,1,1,0,1,1,0,2,2,0,3,3,3,6,10,,3,0,0,0,0,1,0,0,0,1,0,0,0,0,0,1,0,0,0,1,1,0,0,1,0,0,0,0,1,0,0,0,0,0,1,0,1,0,0,0,0,0,0,1,0,0,1,0,0,1,0,0,0,1,0,0,1,0,0,0,0,0,1,0,0,0,0,0,0,0,0,0,0,304cd179b,0,3,0,3,no,13,no,11.333333,0,0,0,1,0,0,0,0,0,5,1.2,0,0,0,0,1,0,0,1,6,1,0,0,0,0,0,1,0,41,100,1681,9,169,0,1.4400001,0,128.44444,1681
ID_34d7d842b,,0,8,0,1,1,1,1,0,1,1,0,2,2,0,3,3,3,6,13,,3,0,0,0,0,1,0,0,0,1,0,0,0,0,0,1,0,0,0,1,1,0,0,1,0,0,0,0,1,0,0,0,0,0,1,0,1,0,0,0,0,0,0,1,0,0,1,0,0,1,0,0,1,0,0,0,1,0,0,0,0,1,0,0,0,0,0,0,0,0,0,0,0,304cd179b,0,3,0,3,no,13,no,11.333333,0,0,0,0,0,0,0,1,0,5,1.2,0,0,0,0,1,0,0,1,6,1,0,0,0,0,0,1,0,41,169,1681,9,169,0,1.4400001,0,128.44444,1681
ID_bc1b347a1,275000,0,8,0,1,1,1,2,0,3,3,0,1,1,0,4,4,4,4,9,,4,1,0,0,0,0,0,0,0,1,0,0,0,0,0,0,1,0,0,1,1,0,0,1,0,0,0,0,1,0,0,0,0,1,0,0,1,0,0,0,0,0,0,0,1,0,0,1,0,0,1,0,0,1,0,1,0,0,0,0,0,1,0,0,0,0,0,0,0,0,0,0,0,23f963963,0,4,0,4,no,no,9,10.5,0,0,0,1,0,0,0,0,0,3,1.3333334,0,0,1,0,0,0,0,1,4,1,0,0,0,0,0,1,0,57,81,3249,16,0,0,1.7777779,0,110.25,3249
ID_ffa0e547e,275000,0,8,0,1,1,1,2,0,3,3,0,1,1,0,4,4,4,4,11,,4,1,0,0,0,0,0,0,0,1,0,0,0,0,0,0,1,0,0,1,1,0,0,1,0,0,0,0,1,0,0,0,0,1,0,0,1,0,0,0,0,0,0,0,1,0,0,1,0,0,1,0,1,0,0,1,0,0,0,0,0,0,1,0,0,0,0,0,0,0,0,0,0,23f963963,0,4,0,4,no,no,9,10.5,0,0,0,0,1,0,0,0,0,3,1.3333334,0,0,1,0,0,0,0,1,4,1,0,0,0,0,0,1,0,53,121,2809,16,0,0,1.7777779,0,110.25,2809
ID_f8771a8ae,275000,0,8,0,1,1,1,2,0,3,3,0,1,1,0,4,4,4,4,11,,4,1,0,0,0,0,0,0,0,1,0,0,0,0,0,0,1,0,0,1,1,0,0,1,0,0,0,0,1,0,0,0,0,1,0,0,1,0,0,0,0,0,0,0,1,0,0,1,0,0,1,0,1,0,0,0,0,0,0,0,1,0,0,1,0,0,0,0,0,0,0,0,0,23f963963,0,4,0,4,no,no,9,10.5,0,0,0,0,1,0,0,0,0,3,1.3333334,0,0,1,0,0,0,0,1,4,1,0,0,0,0,0,1,0,27,121,729,16,0,0,1.7777779,0,110.25,729
ID_801cbc30a,275000,0,8,0,1,1,1,2,0,3,3,0,1,1,0,4,4,4,4,11,,4,1,0,0,0,0,0,0,0,1,0,0,0,0,0,0,1,0,0,1,1,0,0,1,0,0,0,0,1,0,0,0,0,1,0,0,1,0,0,0,0,0,0,0,1,0,0,1,0,0,1,0,1,0,0,0,0,0,0,0,1,0,0,1,0,0,0,0,0,0,0,0,0,23f963963,0,4,0,4,no,no,9,10.5,0,0,0,0,1,0,0,0,0,3,1.3333334,0,0,1,0,0,0,0,1,4,1,0,0,0,0,0,1,0,35,121,1225,16,0,0,1.7777779,0,110.25,1225
ID_61e44b7cf,,0,5,0,1,1,0,,0,0,0,0,1,1,0,1,1,1,1,6,,1,0,1,0,0,0,0,0,0,0,0,0,0,0,1,1,0,0,0,1,1,0,0,1,0,0,0,0,1,0,0,0,0,1,0,0,1,0,0,0,0,0,0,0,1,0,0,1,0,0,1,0,0,1,0,0,0,0,0,1,0,1,0,0,0,0,0,0,0,0,0,0,0,9538b192e,0,1,1,1,8,no,6,6,0,0,1,0,0,0,0,0,0,2,0.5,1,0,0,0,0,0,0,0,0,1,0,0,0,0,0,1,0,78,36,6084,1,0,0,0.25,64,36,6084
ID_67c0283d8,275000,0,5,0,1,1,0,,0,2,2,1,2,3,1,4,5,5,5,3,,5,0,0,0,0,1,0,0,0,1,0,0,0,0,0,1,0,0,0,1,1,0,0,1,0,0,0,0,1,0,0,0,0,0,1,0,1,0,0,0,0,0,0,1,0,0,1,0,0,1,0,0,0,1,0,1,0,0,0,0,0,0,1,0,0,0,0,0,0,0,0,0,0,0e00a3d3c,1,4,0,5,0.25,6,no,5.75,0,1,0,0,0,0,0,0,0,3,1.6666666,0,0,1,0,0,1,1,1,4,1,0,0,0,0,0,1,0,58,9,3364,25,36,1,2.7777777,0.0625,33.0625,3364
ID_3feb0af61,275000,0,5,0,1,1,0,,0,2,2,1,2,3,1,4,5,5,5,0,,5,0,0,0,0,1,0,0,0,1,0,0,0,0,0,1,0,0,0,1,1,0,0,1,0,0,0,0,1,0,0,0,0,0,1,0,1,0,0,0,0,0,0,1,0,0,1,0,0,1,0,0,0,1,1,0,0,0,0,0,0,0,0,0,0,0,1,0,0,0,0,0,0,0e00a3d3c,1,4,0,5,0.25,6,no,5.75,1,0,0,0,0,0,0,0,0,3,1.6666666,0,0,1,0,0,1,1,1,4,1,0,0,0,0,0,1,0,1,0,1,25,36,1,2.7777777,0.0625,33.0625,1
ID_2d2185057,275000,0,5,0,1,1,0,,0,2,2,1,2,3,1,4,5,5,5,6,,5,0,0,0,0,1,0,0,0,1,0,0,0,0,0,1,0,0,0,1,1,0,0,1,0,0,0,0,1,0,0,0,0,0,1,0,1,0,0,0,0,0,0,1,0,0,1,0,0,1,0,0,1,0,0,0,0,0,0,0,1,0,0,1,0,0,0,0,0,0,0,0,0,0e00a3d3c,1,4,0,5,0.25,6,no,5.75,0,0,1,0,0,0,0,0,0,3,1.6666666,0,0,1,0,0,1,1,1,4,1,0,0,0,0,0,1,0,27,36,729,25,36,1,2.7777777,0.0625,33.0625,729
ID_0c471f8b5,275000,0,5,0,1,1,0,,0,2,2,1,2,3,1,4,5,5,5,6,,5,0,0,0,0,1,0,0,0,1,0,0,0,0,0,1,0,0,0,1,1,0,0,1,0,0,0,0,1,0,0,0,0,0,1,0,1,0,0,0,0,0,0,1,0,0,1,0,0,1,0,0,1,0,0,1,0,0,0,0,0,1,0,0,0,0,0,0,0,0,0,0,0,0e00a3d3c,1,4,0,5,0.25,6,no,5.75,0,0,1,0,0,0,0,0,0,3,1.6666666,0,0,1,0,0,1,1,1,4,1,0,0,0,0,0,1,0,62,36,3844,25,36,1,2.7777777,0.0625,33.0625,3844
ID_57de763e0,275000,0,5,0,1,1,0,,0,2,2,1,2,3,1,4,5,5,5,8,,5,0,0,0,0,1,0,0,0,1,0,0,0,0,0,1,0,0,0,1,1,0,0,1,0,0,0,0,1,0,0,0,0,0,1,0,1,0,0,0,0,0,0,1,0,0,1,0,0,1,0,0,0,1,0,0,0,0,0,0,1,0,0,1,0,0,0,0,0,0,0,0,0,0e00a3d3c,1,4,0,5,0.25,6,no,5.75,0,0,0,1,0,0,0,0,0,3,1.6666666,0,0,1,0,0,1,1,1,4,1,0,0,0,0,0,1,0,20,64,400,25,36,1,2.7777777,0.0625,33.0625,400
ID_d8a14957e,,0,10,0,1,1,1,2,0,1,1,0,1,1,0,2,2,2,2,9,,2,1,0,0,0,0,0,0,0,1,0,0,0,0,0,1,0,0,0,1,1,0,0,1,0,0,0,0,1,0,0,0,0,1,0,0,1,0,0,0,0,0,0,1,0,0,0,1,0,0,1,0,0,1,0,0,1,0,0,0,0,0,1,0,0,0,0,0,0,0,0,0,0,384d00976,0,2,2,2,8,11,no,10,0,0,0,1,0,0,0,0,0,4,0.5,1,0,0,0,0,1,1,1,2,1,0,0,0,0,0,1,0,67,81,4489,4,121,0,0.25,64,100,4489
ID_242ee59d9,,0,10,0,1,1,1,2,0,1,1,0,1,1,0,2,2,2,2,11,,2,1,0,0,0,0,0,0,0,1,0,0,0,0,0,1,0,0,0,1,1,0,0,1,0,0,0,0,1,0,0,0,0,1,0,0,1,0,0,0,0,0,0,1,0,0,0,1,0,0,1,1,1,0,0,0,1,0,0,0,0,1,0,0,0,0,0,0,0,0,0,0,0,384d00976,0,2,2,2,8,11,no,10,0,0,0,0,1,0,0,0,0,4,0.5,1,0,0,0,0,1,1,1,2,1,0,0,0,0,0,1,0,71,121,5041,4,121,0,0.25,64,100,5041
ID_e94e78175,170000,0,5,0,1,1,0,,1,2,3,0,2,2,1,4,5,5,5,0,,5,1,0,0,0,0,0,0,0,0,1,0,0,0,0,1,0,0,0,1,1,0,0,1,0,0,0,0,1,0,0,0,0,0,1,0,1,0,0,0,0,0,1,0,0,1,0,0,1,0,0,0,1,0,1,0,0,0,0,0,0,0,0,0,0,0,1,0,0,0,0,0,0,c2174ada3,1,4,0,5,0.25,no,6,7.5,1,0,0,0,0,0,0,0,0,2,2.5,0,0,1,0,0,0,0,1,4,1,0,0,0,0,0,1,0,6,0,36,25,0,1,6.25,0.0625,56.25,36
ID_6017c9e65,170000,0,5,0,1,1,0,,1,2,3,0,2,2,1,4,5,5,5,8,,5,1,0,0,0,0,0,0,0,0,1,0,0,0,0,1,0,0,0,1,1,0,0,1,0,0,0,0,1,0,0,0,0,0,1,0,1,0,0,0,0,0,1,0,0,1,0,0,1,0,0,0,0,1,0,0,0,0,0,0,1,0,0,0,0,0,1,0,0,0,0,0,0,c2174ada3,1,4,0,5,0.25,no,6,7.5,0,0,0,1,0,0,0,0,0,2,2.5,0,0,1,0,0,0,0,1,4,1,0,0,0,0,0,1,0,23,64,529,25,0,1,6.25,0.0625,56.25,529
ID_88714eeac,170000,0,5,0,1,1,0,,1,2,3,0,2,2,1,4,5,5,5,10,,5,1,0,0,0,0,0,0,0,0,1,0,0,0,0,1,0,0,0,1,1,0,0,1,0,0,0,0,1,0,0,0,0,0,1,0,1,0,0,0,0,0,1,0,0,1,0,0,1,0,0,0,1,0,0,0,0,0,1,0,0,0,0,1,0,0,0,0,0,0,0,0,0,c2174ada3,1,4,0,5,0.25,no,6,7.5,0,0,0,1,0,0,0,0,0,2,2.5,0,0,1,0,0,0,0,1,4,1,0,0,0,0,0,1,0,45,100,2025,25,0,1,6.25,0.0625,56.25,2025
ID_bc1bc9d9f,170000,0,5,0,1,1,0,,1,2,3,0,2,2,1,4,5,5,5,6,,5,1,0,0,0,0,0,0,0,0,1,0,0,0,0,1,0,0,0,1,1,0,0,1,0,0,0,0,1,0,0,0,0,0,1,0,1,0,0,0,0,0,1,0,0,1,0,0,1,0,0,0,1,0,0,0,0,0,0,0,1,0,0,1,0,0,0,0,0,0,0,0,0,c2174ada3,1,4,0,5,0.25,no,6,7.5,0,0,1,0,0,0,0,0,0,2,2.5,0,0,1,0,0,0,0,1,4,1,0,0,0,0,0,1,0,38,36,1444,25,0,1,6.25,0.0625,56.25,1444
ID_345e5b63c,170000,0,5,0,1,1,0,,1,2,3,0,2,2,1,4,5,5,5,6,,5,1,0,0,0,0,0,0,0,0,1,0,0,0,0,1,0,0,0,1,1,0,0,1,0,0,0,0,1,0,0,0,0,0,1,0,1,0,0,0,0,0,1,0,0,1,0,0,1,0,0,0,0,1,0,0,0,0,1,0,0,1,0,0,0,0,0,0,0,0,0,0,0,c2174ada3,1,4,0,5,0.25,no,6,7.5,0,0,1,0,0,0,0,0,0,2,2.5,0,0,1,0,0,0,0,1,4,1,0,0,0,0,0,1,0,61,36,3721,25,0,1,6.25,0.0625,56.25,3721
ID_022e75d71,90000,0,4,0,1,1,0,,2,1,3,2,1,3,4,2,6,6,6,11,,6,0,0,0,0,1,0,0,0,0,1,0,0,0,0,1,0,0,0,1,1,0,0,1,0,0,0,0,1,0,0,0,0,1,0,0,1,0,0,0,0,0,0,1,0,0,0,1,0,1,0,0,1,0,0,1,0,0,0,0,0,1,0,0,0,0,0,0,0,0,0,0,0,a6af97626,4,2,0,6,2,11,no,8,0,0,0,0,1,0,0,0,0,3,2,0,0,1,0,0,0,0,1,2,1,0,0,0,0,0,1,0,38,121,1444,36,121,16,4,4,64,1444
ID_7f93c60c3,90000,0,4,0,1,1,0,,2,1,3,2,1,3,4,2,6,6,6,5,,6,0,0,0,0,1,0,0,0,0,1,0,0,0,0,1,0,0,0,1,1,0,0,1,0,0,0,0,1,0,0,0,0,1,0,0,1,0,0,0,0,0,0,1,0,0,0,1,0,1,0,0,0,1,0,1,0,0,0,0,0,0,1,0,0,0,0,0,0,0,0,0,0,a6af97626,4,2,0,6,2,11,no,8,0,1,0,0,0,0,0,0,0,3,2,0,0,1,0,0,0,0,1,2,1,0,0,0,0,0,1,0,38,25,1444,36,121,16,4,4,64,1444
ID_b53f40f79,90000,0,4,0,1,1,0,,2,1,3,2,1,3,4,2,6,6,6,0,,6,0,0,0,0,1,0,0,0,0,1,0,0,0,0,1,0,0,0,1,1,0,0,1,0,0,0,0,1,0,0,0,0,1,0,0,1,0,0,0,0,0,0,1,0,0,0,1,0,1,0,0,1,0,1,0,0,0,0,0,0,0,0,1,0,0,0,0,0,0,0,0,0,a6af97626,4,2,0,6,2,11,no,8,1,0,0,0,0,0,0,0,0,3,2,0,0,1,0,0,0,0,1,2,1,0,0,0,0,0,1,0,4,0,16,36,121,16,4,4,64,16
ID_05c88e71d,90000,0,4,0,1,1,0,,2,1,3,2,1,3,4,2,6,6,6,0,,6,0,0,0,0,1,0,0,0,0,1,0,0,0,0,1,0,0,0,1,1,0,0,1,0,0,0,0,1,0,0,0,0,1,0,0,1,0,0,0,0,0,0,1,0,0,0,1,0,1,0,0,0,1,1,0,0,0,0,0,0,0,0,1,0,0,0,0,0,0,0,0,0,a6af97626,4,2,0,6,2,11,no,8,1,0,0,0,0,0,0,0,0,3,2,0,0,1,0,0,0,0,1,2,1,0,0,0,0,0,1,0,0,0,0,36,121,16,4,4,64,0
ID_7beeca5ba,90000,0,4,0,1,1,0,,2,1,3,2,1,3,4,2,6,6,6,4,0,6,0,0,0,0,1,0,0,0,0,1,0,0,0,0,1,0,0,0,1,1,0,0,1,0,0,0,0,1,0,0,0,0,1,0,0,1,0,0,0,0,0,0,1,0,0,0,1,0,1,0,0,1,0,0,0,0,0,0,0,1,0,0,1,0,0,0,0,0,0,0,0,0,a6af97626,4,2,0,6,2,11,no,8,0,1,0,0,0,0,0,0,0,3,2,0,0,1,0,0,0,0,1,2,1,0,0,0,0,0,1,0,11,16,121,36,121,16,4,4,64,121
ID_5fbc29474,90000,0,4,0,1,1,0,,2,1,3,2,1,3,4,2,6,6,6,0,,6,0,0,0,0,1,0,0,0,0,1,0,0,0,0,1,0,0,0,1,1,0,0,1,0,0,0,0,1,0,0,0,0,1,0,0,1,0,0,0,0,0,0,1,0,0,0,1,0,1,0,0,0,1,1,0,0,0,0,0,0,0,0,1,0,0,0,0,0,0,0,0,0,a6af97626,4,2,0,6,2,11,no,8,1,0,0,0,0,0,0,0,0,3,2,0,0,1,0,0,0,0,1,2,1,0,0,0,0,0,1,0,0,0,0,36,121,16,4,4,64,0
ID_79a87456c,175000,0,5,0,1,1,0,,0,2,2,0,1,1,0,3,3,3,3,7,,3,1,0,0,0,0,0,0,0,1,0,0,0,0,0,1,0,0,0,1,1,0,0,1,0,0,0,0,1,0,0,0,0,0,1,0,1,0,0,0,0,0,0,0,1,0,0,1,0,0,1,0,0,1,0,0,1,0,0,0,0,0,1,0,0,0,0,0,0,0,0,0,0,06ee76de7,1,2,0,3,0.5,10,no,8.5,0,0,0,1,0,0,0,0,0,2,1.5,0,0,1,0,0,0,0,1,3,1,0,0,0,0,0,1,0,48,49,2304,9,100,1,2.25,0.25,72.25,2304
ID_af55d9543,175000,0,5,0,1,1,0,,0,2,2,0,1,1,0,3,3,3,3,7,3,3,1,0,0,0,0,0,0,0,1,0,0,0,0,0,1,0,0,0,1,1,0,0,1,0,0,0,0,1,0,0,0,0,0,1,0,1,0,0,0,0,0,0,0,1,0,0,1,0,0,1,0,1,0,0,0,0,0,0,0,1,0,0,1,0,0,0,0,0,0,0,0,0,06ee76de7,1,2,0,3,0.5,10,no,8.5,0,0,0,1,0,0,0,0,0,2,1.5,0,0,1,0,0,0,0,1,3,1,0,0,0,0,0,1,0,17,49,289,9,100,1,2.25,0.25,72.25,289
ID_bbc1ad33a,175000,0,5,0,1,1,0,,0,2,2,0,1,1,0,3,3,3,3,10,,3,1,0,0,0,0,0,0,0,1,0,0,0,0,0,1,0,0,0,1,1,0,0,1,0,0,0,0,1,0,0,0,0,0,1,0,1,0,0,0,0,0,0,0,1,0,0,1,0,0,1,0,1,0,0,0,1,0,0,0,0,1,0,0,0,0,0,0,0,0,0,0,0,06ee76de7,1,2,0,3,0.5,10,no,8.5,0,0,0,1,0,0,0,0,0,2,1.5,0,0,1,0,0,0,0,1,3,1,0,0,0,0,0,1,0,58,100,3364,9,100,1,2.25,0.25,72.25,3364
ID_c852377bb,,0,5,0,1,1,0,,0,2,2,0,2,2,0,4,4,4,4,14,,4,1,0,0,0,0,0,0,0,1,0,0,0,0,0,1,0,0,0,1,1,0,0,1,0,0,0,0,1,0,0,0,0,1,0,0,1,0,0,0,0,0,0,0,1,0,0,1,0,0,1,0,1,0,0,0,1,0,0,0,0,1,0,0,0,0,0,0,0,0,0,0,0,fe781ab4c,2,2,0,4,yes,14,no,14.5,0,0,0,0,0,0,0,1,0,3,1.3333334,1,0,0,0,0,1,1,1,4,1,0,0,0,0,0,1,0,48,196,2304,16,196,4,1.7777779,1,210.25,2304
ID_6aef2dec8,,0,5,0,1,1,0,,0,2,2,0,2,2,0,4,4,4,4,15,,4,1,0,0,0,0,0,0,0,1,0,0,0,0,0,1,0,0,0,1,1,0,0,1,0,0,0,0,1,0,0,0,0,1,0,0,1,0,0,0,0,0,0,0,1,0,0,1,0,0,1,0,0,1,0,0,1,0,0,0,0,0,1,0,0,0,0,0,0,0,0,0,0,fe781ab4c,2,2,0,4,yes,14,no,14.5,0,0,0,0,0,0,0,1,0,3,1.3333334,1,0,0,0,0,1,1,1,4,1,0,0,0,0,0,1,0,45,225,2025,16,196,4,1.7777779,1,210.25,2025
ID_3b12fa86d,,0,5,0,1,1,0,,0,2,2,0,2,2,0,4,4,4,4,8,0,4,1,0,0,0,0,0,0,0,1,0,0,0,0,0,1,0,0,0,1,1,0,0,1,0,0,0,0,1,0,0,0,0,1,0,0,1,0,0,0,0,0,0,0,1,0,0,1,0,0,1,0,1,0,0,0,0,0,0,0,1,0,0,1,0,0,0,0,0,0,0,0,0,fe781ab4c,2,2,0,4,yes,14,no,14.5,0,0,0,1,0,0,0,0,0,3,1.3333334,1,0,0,0,0,1,1,1,4,1,0,0,0,0,0,1,0,15,64,225,16,196,4,1.7777779,1,210.25,225
ID_00fda5e47,,0,5,0,1,1,0,,0,2,2,0,2,2,0,4,4,4,4,11,0,4,1,0,0,0,0,0,0,0,1,0,0,0,0,0,1,0,0,0,1,1,0,0,1,0,0,0,0,1,0,0,0,0,1,0,0,1,0,0,0,0,0,0,0,1,0,0,1,0,0,1,0,0,1,0,0,0,0,0,0,1,0,0,1,0,0,0,0,0,0,0,0,0,fe781ab4c,2,2,0,4,yes,14,no,14.5,0,0,0,0,0,1,0,0,0,3,1.3333334,1,0,0,0,0,1,1,1,4,1,0,0,0,0,0,1,0,17,121,289,16,196,4,1.7777779,1,210.25,289
ID_ed35fd190,,0,7,0,1,1,0,,0,1,1,0,0,0,0,1,1,1,1,16,,1,1,0,0,0,0,0,0,0,1,0,0,0,0,0,1,0,0,0,1,1,0,0,1,0,0,0,0,1,0,0,0,0,1,0,0,1,0,0,0,0,0,0,0,1,0,1,0,0,0,1,0,1,0,0,0,0,0,0,0,1,1,0,0,0,0,0,0,0,0,0,0,0,a4093ed71,0,1,1,1,8,16,no,16,0,0,0,0,0,0,0,1,0,4,0.25,1,0,0,0,0,1,0,1,1,1,0,0,0,0,0,1,0,70,256,4900,1,256,0,0.0625,64,256,4900
ID_080eaa35f,,0,3,0,1,1,0,,0,0,0,0,2,2,0,2,2,2,2,6,,2,1,0,0,0,0,0,0,0,1,0,0,0,0,0,1,0,0,0,1,1,0,0,1,0,0,0,0,1,0,0,0,0,1,0,0,1,0,0,0,0,0,0,0,1,0,0,1,0,0,1,0,0,1,0,0,0,0,0,1,0,1,0,0,0,0,0,0,0,0,0,0,0,8dbe90b40,0,2,1,2,yes,no,6,4,0,0,1,0,0,0,0,0,0,1,2,1,0,0,0,0,0,1,1,1,1,0,0,0,0,0,1,0,70,36,4900,4,0,0,4,1,16,4900
ID_bcfc06cdd,,0,3,0,1,1,0,,0,0,0,0,2,2,0,2,2,2,2,2,,2,1,0,0,0,0,0,0,0,1,0,0,0,0,0,1,0,0,0,1,1,0,0,1,0,0,0,0,1,0,0,0,0,1,0,0,1,0,0,0,0,0,0,0,1,0,0,1,0,0,1,0,0,1,0,0,0,0,0,1,0,0,0,1,0,0,0,0,0,0,0,0,0,8dbe90b40,0,2,1,2,yes,no,6,4,0,1,0,0,0,0,0,0,0,1,2,1,0,0,0,0,0,1,1,1,1,0,0,0,0,0,1,0,58,4,3364,4,0,0,4,1,16,3364
ID_fe81eee62,350000,0,7,0,1,1,1,2,0,1,1,0,4,4,0,5,5,5,5,16,,5,1,0,0,0,0,0,0,0,1,0,0,0,0,0,1,0,0,0,1,1,0,0,1,0,0,0,0,1,0,0,0,0,1,0,0,1,0,0,0,0,0,0,0,1,0,1,0,0,0,1,0,0,1,0,0,0,0,0,0,1,0,0,1,0,0,0,0,0,0,0,0,0,69347139f,0,5,0,5,no,no,11,14.2,0,0,0,0,0,0,0,1,0,5,1,0,1,0,0,0,0,0,1,5,1,0,0,0,0,0,1,0,29,256,841,25,0,0,1,0,201.64,841
ID_ddffba00a,350000,0,7,0,1,1,1,2,0,1,1,0,4,4,0,5,5,5,5,16,,5,1,0,0,0,0,0,0,0,1,0,0,0,0,0,1,0,0,0,1,1,0,0,1,0,0,0,0,1,0,0,0,0,1,0,0,1,0,0,0,0,0,0,0,1,0,1,0,0,0,1,0,0,1,0,0,0,0,0,0,1,0,0,1,0,0,0,0,0,0,0,0,0,69347139f,0,5,0,5,no,no,11,14.2,0,0,0,0,0,0,0,1,0,5,1,0,1,0,0,0,0,0,1,5,1,0,0,0,0,0,1,0,28,256,784,25,0,0,1,0,201.64,784
ID_89b5b851b,350000,0,7,0,1,1,1,2,0,1,1,0,4,4,0,5,5,5,5,11,,5,1,0,0,0,0,0,0,0,1,0,0,0,0,0,1,0,0,0,1,1,0,0,1,0,0,0,0,1,0,0,0,0,1,0,0,1,0,0,0,0,0,0,0,1,0,1,0,0,0,1,0,0,1,0,0,0,1,0,0,0,1,0,0,0,0,0,0,0,0,0,0,0,69347139f,0,5,0,5,no,no,11,14.2,0,0,0,0,1,0,0,0,0,5,1,0,1,0,0,0,0,0,1,5,1,0,0,0,0,0,1,0,64,121,4096,25,0,0,1,0,201.64,4096
ID_bdfda8da1,350000,0,7,0,1,1,1,2,0,1,1,0,4,4,0,5,5,5,5,14,,5,1,0,0,0,0,0,0,0,1,0,0,0,0,0,1,0,0,0,1,1,0,0,1,0,0,0,0,1,0,0,0,0,1,0,0,1,0,0,0,0,0,0,0,1,0,1,0,0,0,1,0,0,1,0,0,0,0,0,0,1,0,0,1,0,0,0,0,0,0,0,0,0,69347139f,0,5,0,5,no,no,11,14.2,0,0,0,0,0,0,0,1,0,5,1,0,1,0,0,0,0,0,1,5,1,0,0,0,0,0,1,0,26,196,676,25,0,0,1,0,201.64,676
ID_123301f4c,350000,0,7,0,1,1,1,2,0,1,1,0,4,4,0,5,5,5,5,14,,5,1,0,0,0,0,0,0,0,1,0,0,0,0,0,1,0,0,0,1,1,0,0,1,0,0,0,0,1,0,0,0,0,1,0,0,1,0,0,0,0,0,0,0,1,0,1,0,0,0,1,0,1,0,0,0,0,1,0,0,0,0,0,0,0,0,0,0,0,0,0,0,1,69347139f,0,5,0,5,no,no,11,14.2,0,0,0,0,0,0,0,1,0,5,1,0,1,0,0,0,0,0,1,5,1,0,0,0,0,0,1,0,59,196,3481,25,0,0,1,0,201.64,3481
ID_29828e26e,,0,5,0,1,1,1,1,0,0,0,0,1,1,0,1,1,1,1,9,,1,1,0,0,0,0,0,0,0,1,0,0,0,0,0,1,0,0,0,1,1,0,0,1,0,0,0,0,1,0,0,0,0,1,0,0,1,0,0,0,0,0,0,0,1,0,0,1,0,0,1,0,0,1,0,0,0,0,0,1,0,1,0,0,0,0,0,0,0,0,0,0,0,636f92294,0,1,1,1,8,no,9,9,0,0,0,1,0,0,0,0,0,2,0.5,1,0,0,0,0,0,0,1,1,1,0,0,0,0,0,1,0,75,81,5625,1,0,0,0.25,64,81,5625
ID_658cc1120,,0,6,0,1,1,1,1,1,0,1,0,3,3,1,3,4,4,4,11,,4,1,0,0,0,0,0,0,0,1,0,0,0,0,0,1,0,0,0,1,1,0,0,1,0,0,0,0,1,0,0,0,0,1,0,0,1,0,0,0,0,0,0,0,1,0,1,0,0,0,1,0,0,1,0,0,0,0,0,1,0,1,0,0,0,0,0,0,0,0,0,0,0,b2c65951a,1,3,1,4,yes,no,11,11.333333,0,0,0,0,1,0,0,0,0,3,1.3333334,1,0,0,0,0,0,1,1,4,1,0,0,0,0,0,1,0,66,121,4356,16,0,1,1.7777779,1,128.44444,4356
ID_98c115d86,,0,6,0,1,1,1,1,1,0,1,0,3,3,1,3,4,4,4,9,,4,1,0,0,0,0,0,0,0,1,0,0,0,0,0,1,0,0,0,1,1,0,0,1,0,0,0,0,1,0,0,0,0,1,0,0,1,0,0,0,0,0,0,0,1,0,1,0,0,0,1,0,0,1,0,0,0,0,0,0,1,0,0,1,0,0,0,0,0,0,0,0,0,b2c65951a,1,3,1,4,yes,no,11,11.333333,0,0,0,1,0,0,0,0,0,3,1.3333334,1,0,0,0,0,0,1,1,4,1,0,0,0,0,0,1,0,41,81,1681,16,0,1,1.7777779,1,128.44444,1681
ID_fecfead5a,,0,6,0,1,1,1,1,1,0,1,0,3,3,1,3,4,4,4,14,,4,1,0,0,0,0,0,0,0,1,0,0,0,0,0,1,0,0,0,1,1,0,0,1,0,0,0,0,1,0,0,0,0,1,0,0,1,0,0,0,0,0,0,0,1,0,1,0,0,0,1,0,0,1,0,1,0,0,0,0,0,0,0,1,0,0,0,0,0,0,0,0,0,b2c65951a,1,3,1,4,yes,no,11,11.333333,0,0,0,0,0,0,0,1,0,3,1.3333334,1,0,0,0,0,0,1,1,4,1,0,0,0,0,0,1,0,37,196,1369,16,0,1,1.7777779,1,128.44444,1369
ID_18cb33272,,0,6,0,1,1,1,1,1,0,1,0,3,3,1,3,4,4,4,0,,4,1,0,0,0,0,0,0,0,1,0,0,0,0,0,1,0,0,0,1,1,0,0,1,0,0,0,0,1,0,0,0,0,1,0,0,1,0,0,0,0,0,0,0,1,0,1,0,0,0,1,0,1,0,1,0,0,0,0,0,0,0,0,0,0,0,1,0,0,0,0,0,0,b2c65951a,1,3,1,4,yes,no,11,11.333333,1,0,0,0,0,0,0,0,0,3,1.3333334,1,0,0,0,0,0,1,1,4,1,0,0,0,0,0,1,0,1,0,1,16,0,1,1.7777779,1,128.44444,1
ID_a7b7a17de,,0,5,0,1,1,0,,0,1,1,0,1,1,0,2,2,2,2,6,,2,1,0,0,0,0,0,0,0,1,0,0,0,0,0,1,0,0,0,1,1,0,0,1,0,0,0,0,0,1,0,0,0,1,0,0,1,0,0,0,0,0,0,1,0,1,0,0,0,0,1,0,0,1,0,0,0,0,1,0,0,1,0,0,0,0,0,0,0,0,0,0,0,3a6ca02dd,0,2,0,2,no,no,6,7,0,0,1,0,0,0,0,0,0,3,0.66666669,1,0,0,0,0,0,1,1,2,1,0,0,0,0,0,1,0,64,36,4096,4,0,0,0.44444448,0,49,4096
ID_8960b70f2,,0,5,0,1,1,0,,0,1,1,0,1,1,0,2,2,2,2,8,,2,1,0,0,0,0,0,0,0,1,0,0,0,0,0,1,0,0,0,1,1,0,0,1,0,0,0,0,0,1,0,0,0,1,0,0,1,0,0,0,0,0,0,1,0,1,0,0,0,0,1,0,1,0,0,0,0,0,0,0,1,0,0,1,0,0,0,0,0,0,0,0,0,3a6ca02dd,0,2,0,2,no,no,6,7,0,0,0,1,0,0,0,0,0,3,0.66666669,1,0,0,0,0,0,1,1,2,1,0,0,0,0,0,1,0,22,64,484,4,0,0,0.44444448,0,49,484
ID_aa3a29419,,0,3,0,1,1,1,1,0,3,3,0,1,1,0,4,4,4,4,6,,4,1,0,0,0,0,0,0,0,1,0,0,0,0,0,1,0,0,0,1,1,0,0,1,0,0,0,0,1,0,0,0,0,0,1,0,1,0,0,0,0,0,0,0,1,0,1,0,0,0,1,0,1,0,0,0,1,0,0,0,0,0,1,0,0,0,0,0,0,0,0,0,0,e1a795190,1,3,0,4,0.33333334,no,14,7.3333335,0,0,1,0,0,0,0,0,0,2,2,1,0,0,0,0,0,0,1,3,1,0,0,0,0,0,1,0,53,36,2809,16,0,1,4,0.11111112,53.777779,2809
ID_7cd0b9e95,,0,3,0,1,1,1,1,0,3,3,0,1,1,0,4,4,4,4,14,,4,1,0,0,0,0,0,0,0,1,0,0,0,0,0,1,0,0,0,1,1,0,0,1,0,0,0,0,1,0,0,0,0,0,1,0,1,0,0,0,0,0,0,0,1,0,1,0,0,0,1,0,0,1,0,0,1,0,0,0,0,1,0,0,0,0,0,0,0,0,0,0,0,e1a795190,1,3,0,4,0.33333334,no,14,7.3333335,0,0,0,0,0,0,0,1,0,2,2,1,0,0,0,0,0,0,1,3,1,0,0,0,0,0,1,0,50,196,2500,16,0,1,4,0.11111112,53.777779,2500
ID_aaa973a36,,0,3,0,1,1,1,1,0,3,3,0,1,1,0,4,4,4,4,6,0,4,1,0,0,0,0,0,0,0,1,0,0,0,0,0,1,0,0,0,1,1,0,0,1,0,0,0,0,1,0,0,0,0,0,1,0,1,0,0,0,0,0,0,0,1,0,1,0,0,0,1,0,1,0,0,0,0,0,0,0,1,0,0,1,0,0,0,0,0,0,0,0,0,e1a795190,1,3,0,4,0.33333334,no,14,7.3333335,0,0,1,0,0,0,0,0,0,2,2,1,0,0,0,0,0,0,1,3,1,0,0,0,0,0,1,0,13,36,169,16,0,1,4,0.11111112,53.777779,169
ID_b23ad6454,,0,3,0,1,1,1,1,0,3,3,0,1,1,0,4,4,4,4,2,,4,1,0,0,0,0,0,0,0,1,0,0,0,0,0,1,0,0,0,1,1,0,0,1,0,0,0,0,1,0,0,0,0,0,1,0,1,0,0,0,0,0,0,0,1,0,1,0,0,0,1,1,1,0,0,0,0,0,0,0,1,0,0,0,0,0,0,0,0,1,0,0,0,e1a795190,1,3,0,4,0.33333334,no,14,7.3333335,0,1,0,0,0,0,0,0,0,2,2,1,0,0,0,0,0,0,1,3,1,0,0,0,0,0,1,0,57,4,3249,16,0,1,4,0.11111112,53.777779,3249
ID_387a9c0aa,300000,0,5,1,1,1,0,,2,4,6,1,4,5,3,8,11,11,11,0,,11,1,0,0,0,0,0,0,0,1,0,0,0,0,0,1,0,0,0,1,1,0,0,1,0,0,0,0,1,0,0,0,0,0,1,0,1,0,0,0,0,0,0,0,1,0,0,1,0,0,1,0,1,0,1,0,0,0,0,0,0,0,0,0,0,0,0,0,0,0,0,1,0,55160255,3,8,0,11,0.375,no,8,9,1,0,0,0,0,0,0,0,0,5,2.2,0,0,1,0,0,0,1,1,6,1,0,0,0,0,0,1,0,4,0,16,121,0,9,4.8400002,0.140625,81,16
ID_800c93fd5,300000,0,5,1,1,1,0,,2,4,6,1,4,5,3,8,11,11,11,8,,11,1,0,0,0,0,0,0,0,1,0,0,0,0,0,1,0,0,0,1,1,0,0,1,0,0,0,0,1,0,0,0,0,0,1,0,1,0,0,0,0,0,0,0,1,0,0,1,0,0,1,1,1,0,0,0,0,0,0,0,1,0,0,0,0,0,0,0,0,0,0,1,0,55160255,3,8,0,11,0.375,no,8,9,0,0,0,1,0,0,0,0,0,5,2.2,0,0,1,0,0,0,1,1,6,1,0,0,0,0,0,1,0,23,64,529,121,0,9,4.8400002,0.140625,81,529
ID_18e6cbe8a,300000,0,5,1,1,1,0,,2,4,6,1,4,5,3,8,11,11,11,0,0,11,1,0,0,0,0,0,0,0,1,0,0,0,0,0,1,0,0,0,1,1,0,0,1,0,0,0,0,1,0,0,0,0,0,1,0,1,0,0,0,0,0,0,0,1,0,0,1,0,0,1,0,1,0,1,0,0,0,0,0,0,0,0,0,0,0,0,0,0,0,0,1,0,55160255,3,8,0,11,0.375,no,8,9,1,0,0,0,0,0,0,0,0,5,2.2,0,0,1,0,0,0,1,1,6,1,0,0,0,0,0,1,0,7,0,49,121,0,9,4.8400002,0.140625,81,49
ID_cdbd8bbd2,300000,0,5,1,1,1,0,,2,4,6,1,4,5,3,8,11,11,11,0,,11,1,0,0,0,0,0,0,0,1,0,0,0,0,0,1,0,0,0,1,1,0,0,1,0,0,0,0,1,0,0,0,0,0,1,0,1,0,0,0,0,0,0,0,1,0,0,1,0,0,1,0,0,1,1,0,0,0,0,0,0,0,0,0,0,0,0,0,0,0,0,1,0,55160255,3,8,0,11,0.375,no,8,9,1,0,0,0,0,0,0,0,0,5,2.2,0,0,1,0,0,0,1,1,6,1,0,0,0,0,0,1,0,1,0,1,121,0,9,4.8400002,0.140625,81,1
ID_68f20801d,300000,0,5,1,1,1,0,,2,4,6,1,4,5,3,8,11,11,11,7,,11,1,0,0,0,0,0,0,0,1,0,0,0,0,0,1,0,0,0,1,1,0,0,1,0,0,0,0,1,0,0,0,0,0,1,0,1,0,0,0,0,0,0,0,1,0,0,1,0,0,1,0,0,1,0,1,0,0,0,0,0,0,0,0,0,0,0,0,0,0,0,1,0,55160255,3,8,0,11,0.375,no,8,9,0,0,0,1,0,0,0,0,0,5,2.2,0,0,1,0,0,0,1,1,6,1,0,0,0,0,0,1,0,26,49,676,121,0,9,4.8400002,0.140625,81,676
ID_f51779227,300000,0,5,1,1,1,0,,2,4,6,1,4,5,3,8,11,11,11,6,,11,1,0,0,0,0,0,0,0,1,0,0,0,0,0,1,0,0,0,1,1,0,0,1,0,0,0,0,1,0,0,0,0,0,1,0,1,0,0,0,0,0,0,0,1,0,0,1,0,0,1,0,0,1,0,0,0,0,1,0,0,0,0,0,0,0,0,0,0,0,0,1,0,55160255,3,8,0,11,0.375,no,8,9,0,0,1,0,0,0,0,0,0,5,2.2,0,0,1,0,0,0,1,1,6,1,0,0,0,0,0,1,0,48,36,2304,121,0,9,4.8400002,0.140625,81,2304
ID_d53ede57c,300000,0,5,1,1,1,0,,2,4,6,1,4,5,3,8,11,11,11,17,,11,1,0,0,0,0,0,0,0,1,0,0,0,0,0,1,0,0,0,1,1,0,0,1,0,0,0,0,1,0,0,0,0,0,1,0,1,0,0,0,0,0,0,0,1,0,0,1,0,0,1,0,0,1,0,1,0,0,0,0,0,0,0,0,0,0,0,0,0,0,1,0,0,55160255,3,8,0,11,0.375,no,8,9,0,0,0,0,0,0,0,0,1,5,2.2,0,0,1,0,0,0,1,1,6,1,0,0,0,0,0,1,0,25,289,625,121,0,9,4.8400002,0.140625,81,625
